<?xml version="1.0" encoding="UTF-8"?>
<metadata xmlns="http://www.demandware.com/xml/impex/metadata/2006-10-31">
    <type-extension type-id="Basket">
         <custom-attribute-definitions>
            <attribute-definition attribute-id="ACI_CheckoutID">
                <display-name xml:lang="x-default">ACI Checkout ID</display-name>
                <description xml:lang="x-default">Unique identifier generated by ACI for the CopyAndPay widget for the customer's checkout journey</description>
                <type>string</type>
                <mandatory-flag>false</mandatory-flag>
                <externally-managed-flag>false</externally-managed-flag>
                <min-length>0</min-length>
            </attribute-definition>
        </custom-attribute-definitions>
        <group-definitions>
            <attribute-group group-id="ACI">
                <display-name xml:lang="x-default">ACI Configurations</display-name>
                <attribute attribute-id="ACI_CheckoutID"/>
            </attribute-group>
        </group-definitions>
    </type-extension> 
	<type-extension type-id="Order">
        <custom-attribute-definitions>
            <attribute-definition attribute-id="ACI_CheckoutID">
                <display-name xml:lang="x-default">ACI Checkout ID</display-name>
                <description xml:lang="x-default">Unique identifier generated by ACI for the CopyAndPay widget for the customer's checkout journey</description>
                <type>string</type>
                <mandatory-flag>false</mandatory-flag>
                <externally-managed-flag>false</externally-managed-flag>
                <min-length>0</min-length>
            </attribute-definition>
            <attribute-definition attribute-id="ACI_PaymentResponse">
                <display-name xml:lang="x-default">ACI Payment Response</display-name>
                <description xml:lang="x-default">Saves the response returned as part of ACI Payment Status API call</description>
                <type>set-of-string</type>
                <mandatory-flag>false</mandatory-flag>
                <externally-managed-flag>true</externally-managed-flag>
            </attribute-definition>
            <attribute-definition attribute-id="ACI_isPendingOrder">
                <display-name xml:lang="x-default">Is ACI payment in pending status</display-name>
                <type>boolean</type>
                <mandatory-flag>false</mandatory-flag>
                <externally-managed-flag>false</externally-managed-flag>
            </attribute-definition>
         </custom-attribute-definitions>
        <group-definitions>
             <attribute-group group-id="ACI">
                <display-name xml:lang="x-default">ACI Configurations</display-name>
                <attribute attribute-id="ACI_PaymentResponse"/>
                <attribute attribute-id="ACI_CheckoutID"/>
                <attribute attribute-id="ACI_isPendingOrder"/>
            </attribute-group>
        </group-definitions>
    </type-extension>
 
     <type-extension type-id="PaymentMethod">
        <custom-attribute-definitions>
            <attribute-definition attribute-id="ACI_BrandID">
                <display-name xml:lang="x-default">ACI Brand ID</display-name>
                <description xml:lang="x-default">Brand ID for ACI payment method</description>
                <type>string</type>
                <localizable-flag>false</localizable-flag>
                <mandatory-flag>false</mandatory-flag>
                <externally-managed-flag>false</externally-managed-flag>
                <min-length>0</min-length>
            </attribute-definition>
            <attribute-definition attribute-id="ACI_Asynchronous">
                <display-name xml:lang="x-default">ACI Asynchronous</display-name>
                <description xml:lang="x-default">ACI asynchronous payment method. Set this to true to indicate if the payment method does not require input from customer</description>
                <type>boolean</type>
                <mandatory-flag>false</mandatory-flag>
                <externally-managed-flag>false</externally-managed-flag>
            </attribute-definition>  
        </custom-attribute-definitions>
        <group-definitions>
            <attribute-group group-id="ACI">
                <display-name xml:lang="x-default">ACI Configurations</display-name>
                <attribute attribute-id="ACI_BrandID"/>
                <attribute attribute-id="ACI_Asynchronous"/>
            </attribute-group>
        </group-definitions>
    </type-extension>

	<type-extension type-id="PaymentTransaction">
        <custom-attribute-definitions>
            <attribute-definition attribute-id="ACI_TransactionStatusFlow">
                <display-name xml:lang="x-default">ACI Transaction Status Flow</display-name>
                <description xml:lang="x-default">ACI Transaction Status Flow</description>
                <type>string</type>
                <mandatory-flag>false</mandatory-flag>
                <externally-managed-flag>false</externally-managed-flag>
                <min-length>0</min-length>
            </attribute-definition>  
        </custom-attribute-definitions>
        <group-definitions>   
            <attribute-group group-id="ACI">
                <display-name xml:lang="x-default">ACI Configurations</display-name>
                <attribute attribute-id="ACI_TransactionStatusFlow"/>
            </attribute-group>
        </group-definitions>
    </type-extension>

    <type-extension type-id="ShippingMethod">
       <custom-attribute-definitions>
            <attribute-definition attribute-id="ACI_ShippingMethod">
                <display-name xml:lang="x-default">ACI Shipping method</display-name>
                <description xml:lang="x-default">ACI Shipping method to be send in API call to ACI</description>
                <type>enum-of-string</type>
                <localizable-flag>false</localizable-flag>
                <mandatory-flag>false</mandatory-flag>
                <externally-managed-flag>false</externally-managed-flag>
                <value-definitions>
                    <value-definition>
                        <display xml:lang="x-default">LOWEST_COST</display>
                        <value>LOWEST_COST</value>
                    </value-definition>
                    <value-definition>
                        <display xml:lang="x-default">CARRIER_DESIGNATED_BY_CUSTOMER</display>
                        <value>CARRIER_DESIGNATED_BY_CUSTOMER</value>
                    </value-definition>
                    <value-definition>
                        <display xml:lang="x-default">ELECTRONIC_DELIVERY</display>
                        <value>ELECTRONIC_DELIVERY</value>
                    </value-definition>
                    <value-definition>
                        <display xml:lang="x-default">GROUND</display>
                        <value>GROUND</value>
                    </value-definition>
                    <value-definition>
                        <display xml:lang="x-default">INTERNATIONAL</display>
                        <value>INTERNATIONAL</value>
                    </value-definition>
                    <value-definition>
                        <display xml:lang="x-default">MILITARY</display>
                        <value>MILITARY</value>
                    </value-definition>
                    <value-definition>
                        <display xml:lang="x-default">NEXT_DAY_OVERNIGHT</display>
                        <value>NEXT_DAY_OVERNIGHT</value>
                    </value-definition>
                    <value-definition>
                        <display xml:lang="x-default">OTHER</display>
                        <value>OTHER</value>
                    </value-definition>
                    <value-definition>
                        <display xml:lang="x-default">STORE_PICKUP</display>
                        <value>STORE_PICKUP</value>
                    </value-definition>
                    <value-definition>
                        <display xml:lang="x-default">SAME_DAY_SERVICE</display>
                        <value>SAME_DAY_SERVICE</value>
                    </value-definition>
                    <value-definition>
                        <display xml:lang="x-default">TWO_DAY_SERVICE</display>
                        <value>TWO_DAY_SERVICE</value>
                    </value-definition>
                    <value-definition>
                        <display xml:lang="x-default">THREE_DAY_SERVICE</display>
                        <value>THREE_DAY_SERVICE</value>
                    </value-definition>
                </value-definitions>
            </attribute-definition>
       </custom-attribute-definitions>
       <group-definitions>   
            <attribute-group group-id="ACI">
                <display-name xml:lang="x-default">ACI Configurations</display-name>
                <attribute attribute-id="ACI_ShippingMethod"/>
            </attribute-group>
        </group-definitions>
    </type-extension>

    <type-extension type-id="SitePreferences">
        <custom-attribute-definitions>
			<attribute-definition attribute-id="ACI_ENABLED">
                <display-name xml:lang="x-default">ACI Enabled/Disabled</display-name>
                <description xml:lang="x-default">ACI Enabled/Disabled Status</description>
                <type>boolean</type>
                <mandatory-flag>false</mandatory-flag>
                <externally-managed-flag>false</externally-managed-flag>
                <default-value>true</default-value>
            </attribute-definition>
			<attribute-definition attribute-id="ACI_APIVersion">
                <display-name xml:lang="x-default">ACI API Version</display-name>
                <description xml:lang="x-default">ACI API Version. To be appended to URL in prepare checkout and update checkout API calls</description>
                <type>string</type>
                <mandatory-flag>false</mandatory-flag>
                <externally-managed-flag>false</externally-managed-flag>
                <min-length>0</min-length>
                <default-value>v1</default-value>
            </attribute-definition>
            <attribute-definition attribute-id="ACI_BearerToken">
                <display-name xml:lang="x-default">ACI Bearer Token</display-name>
                <description xml:lang="x-default">Authentication token provided by ACI</description>
                <type>string</type>
                <mandatory-flag>false</mandatory-flag>
                <externally-managed-flag>false</externally-managed-flag>
                <min-length>0</min-length>
            </attribute-definition>			
            <attribute-definition attribute-id="ACI_CardRegistration">
                <display-name xml:lang="x-default">Allow customers to save card during checkout?</display-name>
                <description xml:lang="x-default">Allow customer to save cards during checkout</description>
                <type>boolean</type>
                <mandatory-flag>true</mandatory-flag>
                <externally-managed-flag>false</externally-managed-flag>
            </attribute-definition>
            <attribute-definition attribute-id="ACI_DelayedCapture">
                <display-name xml:lang="x-default">Capture on order confirmation?</display-name>
                <description xml:lang="x-default">Capture on order confirmation flag. Set this to true to capture the payment at the time of placing order</description>
                <type>boolean</type>
                <mandatory-flag>true</mandatory-flag>
                <externally-managed-flag>false</externally-managed-flag>
            </attribute-definition>
            <attribute-definition attribute-id="ACI_EntityID">
                <display-name xml:lang="x-default">ACI Entity ID</display-name>
                <description xml:lang="x-default">ACI Entity ID</description>
                <type>string</type>
                <mandatory-flag>true</mandatory-flag>
                <externally-managed-flag>false</externally-managed-flag>
                <min-length>0</min-length>
            </attribute-definition>
            <attribute-definition attribute-id="ACI_ForceResultCode">
                <display-name xml:lang="x-default">ACI ForceResultCode</display-name>
                <description xml:lang="x-default">Setting this value will force ACI to return specific error codes for example, 800.100.100. This is only for testing purposes and should not be set in LIVE environment</description>
                <type>string</type>
                <mandatory-flag>false</mandatory-flag>
                <externally-managed-flag>false</externally-managed-flag>
                <min-length>0</min-length>
            </attribute-definition>
            <attribute-definition attribute-id="ACI_MerchantCity">
                <display-name xml:lang="x-default">ACI Merchant City</display-name>
                <description xml:lang="x-default">The merchant's city. This can be configured to override the merchant city of the card holder statement in ACI</description>
                <type>string</type>
                <mandatory-flag>false</mandatory-flag>
                <externally-managed-flag>false</externally-managed-flag>
                <min-length>0</min-length>
            </attribute-definition>
            <attribute-definition attribute-id="ACI_MerchantCountry">
                <display-name xml:lang="x-default">ACI Merchant Country</display-name>
                <description xml:lang="x-default">The country of the merchant.  This can be configured to override the merchant country shown in the card holder statement in ACI</description>
                <type>string</type>
                <mandatory-flag>false</mandatory-flag>
                <externally-managed-flag>false</externally-managed-flag>
                <min-length>0</min-length>
            </attribute-definition>
            <attribute-definition attribute-id="ACI_MerchantMCC">
                <display-name xml:lang="x-default">ACI Merchant Category code</display-name>
                <description xml:lang="x-default">The merchants's category code. This can be configured to override the merchant category code shown in the card holder statement in ACI</description>
                <type>string</type>
                <mandatory-flag>false</mandatory-flag>
                <externally-managed-flag>false</externally-managed-flag>
                <min-length>0</min-length>
            </attribute-definition>
            <attribute-definition attribute-id="ACI_MerchantName">
                <display-name xml:lang="x-default">ACI Merchant Name</display-name>
                <description xml:lang="x-default">Name of the merchant.  This can be configured to override the merchant name of the card holder statement in ACI</description>
                <type>string</type>
                <mandatory-flag>false</mandatory-flag>
                <externally-managed-flag>false</externally-managed-flag>
                <min-length>0</min-length>
            </attribute-definition>
            <attribute-definition attribute-id="ACI_MerchantPhone">
                <display-name xml:lang="x-default">ACI Merchant Phone</display-name>
                <description xml:lang="x-default">The merchants's phone number.  This can be configured to override the merchant phone number shown in the card holder statement in ACI</description>
                <type>string</type>
                <mandatory-flag>false</mandatory-flag>
                <externally-managed-flag>false</externally-managed-flag>
                <min-length>0</min-length>
            </attribute-definition>
            <attribute-definition attribute-id="ACI_MerchantPostCode">
                <display-name xml:lang="x-default">ACI Merchant PostCode</display-name>
                <description xml:lang="x-default">The postal code or zip code of the merchant.  This can be configured to override the merchant postcard of the card holder statement in ACI</description>
                <type>string</type>
                <mandatory-flag>false</mandatory-flag>
                <externally-managed-flag>false</externally-managed-flag>
                <min-length>0</min-length>
            </attribute-definition>
            <attribute-definition attribute-id="ACI_MerchantState">
                <display-name xml:lang="x-default">ACI Merchant State</display-name>
                <description xml:lang="x-default">The county, state or region of the merchant. This field can be used to override the information that is shown on the cardholder statement</description>
                <type>string</type>
                <mandatory-flag>false</mandatory-flag>
                <externally-managed-flag>false</externally-managed-flag>
                <min-length>0</min-length>
            </attribute-definition>
            <attribute-definition attribute-id="ACI_MerchantStreet">
                <display-name xml:lang="x-default">ACI Merchant Street</display-name>
                <description xml:lang="x-default">The building number and/or street name of the merchant.  This can be configured to override the merchant address of the card holder statement in ACI</description>
                <type>string</type>
                <mandatory-flag>false</mandatory-flag>
                <externally-managed-flag>false</externally-managed-flag>
                <min-length>0</min-length>
            </attribute-definition>
            <attribute-definition attribute-id="ACI_TransactionMode">
                <display-name xml:lang="x-default">ACI Transaction Mode</display-name>
                <description xml:lang="x-default">Set this value to "INTERNAL" or EXTERNAL in all non-production instances and to "LIVE" in production instance.</description>
                <type>string</type>
                <mandatory-flag>false</mandatory-flag>
                <externally-managed-flag>false</externally-managed-flag>
                <min-length>0</min-length>
            </attribute-definition>
            <attribute-definition attribute-id="ACI_UseSummary">
                <display-name xml:lang="x-default">Summary page in checkout flow?</display-name>
                <description xml:lang="x-default">Flag to indicate if the merchant uses a summary page.</description>
                <type>boolean</type>
                <mandatory-flag>true</mandatory-flag>
                <externally-managed-flag>false</externally-managed-flag>
            </attribute-definition>
            <attribute-definition attribute-id="ACI_WidgetURL">
                <display-name xml:lang="x-default">ACI Widget URL</display-name>
                <description xml:lang="x-default">ACI Widget URL</description>
                <type>string</type>
                <mandatory-flag>true</mandatory-flag>
                <externally-managed-flag>false</externally-managed-flag>
                <min-length>0</min-length>
            </attribute-definition>
			<attribute-definition attribute-id="ACI_NotificationEmails">
                <display-name xml:lang="x-default">ACI Notification Emails</display-name>
                <description xml:lang="x-default">Multiple emails IDs will be comma separated</description>
                <type>string</type>
                <mandatory-flag>false</mandatory-flag>
                <externally-managed-flag>false</externally-managed-flag>
                <min-length>0</min-length>
            </attribute-definition>
			<attribute-definition attribute-id="ACI_3dsAcsTransactionId">
                <display-name xml:lang="x-default">ACS transaction ID</display-name>
                <description xml:lang="x-default">This field contains a universally unique transaction identifier assigned by the ACS to identify a single transaction.</description>
                <type>string</type>
                <mandatory-flag>false</mandatory-flag>
                <externally-managed-flag>false</externally-managed-flag>
                <min-length>0</min-length>
            </attribute-definition>
            <attribute-definition attribute-id="ACI_3dsAuthenticationType">
                <display-name xml:lang="x-default">Authentication Type</display-name>
                <description xml:lang="x-default">The type of authentication that was requested by the ACS.&#13;
01	Static&#13;
02	Dynamic&#13;
03	OOB&#13;
04	Decoupled</description>
                <type>enum-of-string</type>
                <mandatory-flag>false</mandatory-flag>
                <externally-managed-flag>false</externally-managed-flag>
                <value-definitions>
                    <value-definition>
                        <display xml:lang="x-default">Static</display>
                        <value>01</value>
                    </value-definition>
                    <value-definition>
                        <display xml:lang="x-default">Dynamic</display>
                        <value>02</value>
                    </value-definition>
                    <value-definition>
                        <display xml:lang="x-default">OOB</display>
                        <value>03</value>
                    </value-definition>
                    <value-definition>
                        <display xml:lang="x-default">Decoupled</display>
                        <value>04</value>
                    </value-definition>
                </value-definitions>
            </attribute-definition>
            <attribute-definition attribute-id="ACI_3dsChallengeIndicator">
                <display-name xml:lang="x-default">3DS Requestor Challenge Indicator</display-name>
                <description xml:lang="x-default">Indicates whether a challenge is requested for this transaction. &#13;
For example: a 3DS Requestor may have concerns about the transaction, and request a challenge. &#13;
Allows 3DS Requestor to request a challenge such as to follow local/regional mandates or other variables. &#13;
Possible values:&#13;
01	No preference&#13;
02	No challenge requested&#13;
03	Challenge requested: 3D Secure Requestor Preference&#13;
04	Challenge requested: Mandate</description>
                <type>enum-of-string</type>
                <mandatory-flag>false</mandatory-flag>
                <externally-managed-flag>false</externally-managed-flag>
                <value-definitions>
                    <value-definition>
                        <display xml:lang="x-default">No preference</display>
                        <value>01</value>
                    </value-definition>
                    <value-definition>
                        <display xml:lang="x-default">No challenge requested</display>
                        <value>02</value>
                    </value-definition>
                    <value-definition>
                        <display xml:lang="x-default">Challenge requested: 3D Secure Requestor Preference</display>
                        <value>03</value>
                    </value-definition>
                    <value-definition>
                        <display xml:lang="x-default">Challenge requested: Mandate</display>
                        <value>04</value>
                    </value-definition>
                </value-definitions>
            </attribute-definition>
            <attribute-definition attribute-id="ACI_3dsChallengeMandatedIndicator">
                <display-name xml:lang="x-default">ACS Challenge mandate indicator</display-name>
                <description xml:lang="x-default">Indication of whether a challenge is required for the transaction to be authorized due to local/regional mandates or other variable.</description>
                <type>string</type>
                <mandatory-flag>false</mandatory-flag>
                <externally-managed-flag>false</externally-managed-flag>
                <min-length>0</min-length>
            </attribute-definition>
            <attribute-definition attribute-id="ACI_3dsDsTransactionId">
                <display-name xml:lang="x-default">Directory Server transaction ID</display-name>
                <description xml:lang="x-default">Transaction ID assigned by the directory server</description>
                <type>string</type>
                <mandatory-flag>false</mandatory-flag>
                <externally-managed-flag>false</externally-managed-flag>
                <min-length>0</min-length>
            </attribute-definition>
            <attribute-definition attribute-id="ACI_3dsExemptionFlag">
                <display-name xml:lang="x-default">Exemption flag</display-name>
                <description xml:lang="x-default">Flags the transaction as exemption during authorization. Possible values:&#13;
01	Low value exemption&#13;
02	TRA exemption&#13;
03	Trusted beneficiary exemption&#13;
04	Corporate card payment exemption</description>
                <type>enum-of-string</type>
                <mandatory-flag>false</mandatory-flag>
                <externally-managed-flag>false</externally-managed-flag>
                <value-definitions>
                    <value-definition>
                        <display xml:lang="x-default">Low value exemption</display>
                        <value>01</value>
                    </value-definition>
                    <value-definition>
                        <display xml:lang="x-default">TRA exemption</display>
                        <value>02</value>
                    </value-definition>
                    <value-definition>
                        <display xml:lang="x-default">Trusted beneficiary exemption</display>
                        <value>03</value>
                    </value-definition>
                    <value-definition>
                        <display xml:lang="x-default">Corporate card payment exemption</display>
                        <value>04</value>
                    </value-definition>
                </value-definitions>
            </attribute-definition>
            <attribute-definition attribute-id="ACI_3dsTransactionStatusReason">
                <display-name xml:lang="x-default">Transaction status reason</display-name>
                <description xml:lang="x-default">Provides information on why the Transaction Status field has the specified value.</description>
                <type>string</type>
                <mandatory-flag>false</mandatory-flag>
                <externally-managed-flag>false</externally-managed-flag>
                <min-length>0</min-length>
            </attribute-definition>
            <attribute-definition attribute-id="ACI_3dsVersion">
                <display-name xml:lang="x-default">3D Secure version</display-name>
                <description xml:lang="x-default">Version of 3D (examples: 1.0.2, 2.1.0, 2.2.0 )</description>
                <type>string</type>
                <mandatory-flag>false</mandatory-flag>
                <externally-managed-flag>false</externally-managed-flag>
                <min-length>0</min-length>
            </attribute-definition>
            
		</custom-attribute-definitions>
        <group-definitions>   
            <attribute-group group-id="ACI">
                <display-name xml:lang="x-default">ACI Configurations</display-name>
				<attribute attribute-id="ACI_ENABLED"/>
                <attribute attribute-id="ACI_APIVersion"/>
                <attribute attribute-id="ACI_EntityID"/>
                <attribute attribute-id="ACI_WidgetURL"/>
                <attribute attribute-id="ACI_DelayedCapture"/>
                <attribute attribute-id="ACI_UseSummary"/>
                <attribute attribute-id="ACI_ForceResultCode"/>
                <attribute attribute-id="ACI_CardRegistration"/>
                <attribute attribute-id="ACI_NotificationEmails"/>
                <attribute attribute-id="ACI_BearerToken"/>
                <attribute attribute-id="ACI_TransactionMode"/>
				<attribute attribute-id="ACI_3dsAuthenticationType"/>
                <attribute attribute-id="ACI_3dsExemptionFlag"/>
                <attribute attribute-id="ACI_3dsChallengeIndicator"/>
                <attribute attribute-id="ACI_3dsTransactionStatusReason"/>
                <attribute attribute-id="ACI_3dsVersion"/>
                <attribute attribute-id="ACI_3dsDsTransactionId"/>
                <attribute attribute-id="ACI_3dsAcsTransactionId"/>
                <attribute attribute-id="ACI_3dsChallengeMandatedIndicator"/>
            </attribute-group>
            <attribute-group group-id="ACI Merchant Configurations">
                <display-name xml:lang="x-default">ACI Merchant Configurations</display-name>
                <attribute attribute-id="ACI_MerchantName"/>
                <attribute attribute-id="ACI_MerchantPostCode"/>
                <attribute attribute-id="ACI_MerchantStreet"/>
                <attribute attribute-id="ACI_MerchantMCC"/>
                <attribute attribute-id="ACI_MerchantCity"/>
                <attribute attribute-id="ACI_MerchantCountry"/>
                <attribute attribute-id="ACI_MerchantState"/>
                <attribute attribute-id="ACI_MerchantPhone"/>
            </attribute-group>
        </group-definitions>
    </type-extension>
	<type-extension type-id="CustomerPaymentInstrument">
        <custom-attribute-definitions>
            <attribute-definition attribute-id="ACI_registrationID">
                <display-name xml:lang="x-default">ACI Registration ID</display-name>
                <type>string</type>
                <mandatory-flag>false</mandatory-flag>
                <externally-managed-flag>false</externally-managed-flag>
                <min-length>0</min-length>
            </attribute-definition>
        </custom-attribute-definitions>
        <group-definitions>
            <attribute-group group-id="ACI">
                <display-name xml:lang="x-default">ACI Configurations</display-name>
                <attribute attribute-id="ACI_registrationID"/>
            </attribute-group>
        </group-definitions>
    </type-extension>
</metadata>
